-- MySQL dump 10.13  Distrib 8.0.23, for Win64 (x86_64)
--
-- Host: 127.0.0.1    Database: dating
-- ------------------------------------------------------
-- Server version	8.0.23

/*!40101 SET @OLD_CHARACTER_SET_CLIENT=@@CHARACTER_SET_CLIENT */;
/*!40101 SET @OLD_CHARACTER_SET_RESULTS=@@CHARACTER_SET_RESULTS */;
/*!40101 SET @OLD_COLLATION_CONNECTION=@@COLLATION_CONNECTION */;
/*!50503 SET NAMES utf8mb4 */;
/*!40103 SET @OLD_TIME_ZONE=@@TIME_ZONE */;
/*!40103 SET TIME_ZONE='+00:00' */;
/*!40014 SET @OLD_UNIQUE_CHECKS=@@UNIQUE_CHECKS, UNIQUE_CHECKS=0 */;
/*!40014 SET @OLD_FOREIGN_KEY_CHECKS=@@FOREIGN_KEY_CHECKS, FOREIGN_KEY_CHECKS=0 */;
/*!40101 SET @OLD_SQL_MODE=@@SQL_MODE, SQL_MODE='NO_AUTO_VALUE_ON_ZERO' */;
/*!40111 SET @OLD_SQL_NOTES=@@SQL_NOTES, SQL_NOTES=0 */;

--
-- Table structure for table `hashes`
--

DROP TABLE IF EXISTS `hashes`;
/*!40101 SET @saved_cs_client     = @@character_set_client */;
/*!50503 SET character_set_client = utf8mb4 */;
CREATE TABLE `hashes` (
  `userid` int DEFAULT NULL,
  `hash` varchar(127) CHARACTER SET utf8mb4 COLLATE utf8mb4_0900_as_ci DEFAULT NULL
) ENGINE=InnoDB DEFAULT CHARSET=utf8mb4 COLLATE=utf8mb4_0900_as_ci;
/*!40101 SET character_set_client = @saved_cs_client */;

--
-- Dumping data for table `hashes`
--

LOCK TABLES `hashes` WRITE;
/*!40000 ALTER TABLE `hashes` DISABLE KEYS */;
INSERT INTO `hashes` VALUES (204,'$2y$10$KB1ysenhYMGDdpqgIDXSeOHd6JbpNOBvFkKJ6Qd0dq39YtUqhX9qi'),(205,'$2y$10$GgcFeHBexwr9iSr6w5DghOku163QPudbp2NbAHU8D1BK4aYhiQrVe'),(206,'$2y$10$dcPA7TsExuq9CYbPZESSpupBv/FLKpf7Rjfk7VbFTul0KYe11cdIa'),(207,'$2y$10$ZYQIB0FDFCEVNxbTxgKtruFi6Aw0E6R.BE0F6B.vxp3C2I2oJPu1W'),(208,'$2y$10$BavliGDGmxEtMZBTXzgPhuFgCvYHF10UlSpx/uBDBo.YptSN6kRGK'),(209,'$2y$10$bRxVhljWxFEKG9zcIdO5mug6lcWdekngDLc5hQN668.IQGRz85mPO'),(210,'$2y$10$wwb.GXyrVKVXbvzDm5OhcuVn94EmVlKQVD9KACQXvVynvcU4qdf26'),(211,'$2y$10$iPpPFGMjxwMH0b.fDGleGOE5HQHQth19ZC2I63/galB61IFMXMcUq'),(212,'$2y$10$hXJBAAmmSmvRoCRYGOzU.eJA7h0DgyEuF4X1X1U1L9KCbix0Sep.K'),(213,'$2y$10$ajdpKz2K5P3ZxH5MavAsbO2aMSILw7ZzwYxhq35IYk6IBLaOpjFgS'),(214,'$2y$10$5nIk90y1zmXslB29iC8bXORbX9MAWVwqvZaFweXJpyDYQSQZ20h62'),(215,'$2y$10$9vKuiaUUp961plSSFALLJO6Mo2lhXoaGpuyR4NSB1n3eQEc82fRZm'),(216,'$2y$10$ej9IRUAhjAVxU6yWzmR6tO/pCgjX3PhldybUhj7/ulxPUzCRKuo/W'),(217,'$2y$10$Ru2V7k4mF6ZKTV8z0hR/n.mnnWeK3HtMzKCLlDKGlI9q46S37m6hq'),(218,'$2y$10$jQbbIGcKfv7rsp8aom2TnudGPEAzKQzR/WgpDdYzty3.9S/sfUyT6'),(219,'$2y$10$n92SN82HJyy8B1IbtCFnG.cfLX9z3uggeByE628zAyjmYuOBUGnCS'),(220,'$2y$10$rAv0c772Icw0C04gtSREjuf6cYWnNDIL62x40tI0citz8D/RQiFUy'),(221,'$2y$10$lbhJrUWH..fFYbBUMkjvQehtEXs/y2il7sD2VNcVN/tgVlkZG9Ysm'),(222,'$2y$10$8qwlKfzCP1rUdS0avU.XY.2PGs1Qa3FSUg8zH.wPtl0kCAXTt3nFW'),(223,'$2y$10$G75GcBMgi79qo5gvqfYgke.SwDPTc4aRvd/XmpjowW6blkZqKNG6.'),(224,'$2y$10$kg3ZxQuFt5n8Rjf/PeLlpePGC.nLZIASHk6yyY6ffUPNv2Ao0ougi'),(225,'$2y$10$X5UJlJawavkFQ8HKqoTYdeQwFL5EVqhda8BlIaSeV9/Pp8xuFO6Zu'),(226,'$2y$10$IXxMf/wnSlTSkERKVy3JF.hbms6urSShuVASx9le99llSOLsNm482'),(227,'$2y$10$ZS7YAwUcBKyw5YQA.bgczOzvLF1euL4JEL4wPGW3oxEs.uJBBCJTq'),(228,'$2y$10$ht6B3oJ.g7nyELE51mFxIu4MyIMqWVb.1C5sFfXk4/60kEi/sj85C'),(229,'$2y$10$yuK5LKfMqxanc7XP.eyBoeGuk/8B8zu6/gu7vQet2hanYlPZm2BPu'),(230,'$2y$10$vUBmROeHiHB2jfNIByDHIeLJ.XHmjYoAyK69/zga37qBWnrcGV4qK'),(231,'$2y$10$lGZ22SzMKptd6b2dSHNqWeNbezyErrkwJfuX.RHab0G56dW0QGd0G'),(232,'$2y$10$vj9do7Fz5L0HhwIUGLDCEuIlPHlrIXQOwGcVGvWSO.WR4zY7mbug6'),(233,'$2y$10$V4JuXVFyE5OG6aO7BhqgFeRZATTcbjqjtBipb5CPVZgaDebkD0YoC'),(234,'$2y$10$IXnp1KDx5WuOoq68BNpPTOeRUCVkj5aSyCJxlF8SC.w/MCOaNd2rG'),(235,'$2y$10$BCC/VIzUHDAEtaWY7O7XDeyVAHlam/8K0QRy42lkrq1r36XgG4yxq'),(236,'$2y$10$QdV5P64xNVQv/Qn/h78OWezkm3WKJT.2kdCNmM3eA9msimDXxVbMa'),(237,'$2y$10$UkzMekj1aMEKVwbx.vdrwuVGdVT4Xy9PTZT63C4O7o5hEbA.G7iSi'),(238,'$2y$10$B7SkJeDxb.fYgPhiCWXYFeJLJsjgeFDD5JX4BaT.67AkvEAWbwqf6'),(239,'$2y$10$vxZR/Z6M76yGfeX3nm7inu2enJXT9844UYfGs4yeY6zvdPmqNkvPq'),(240,'$2y$10$qttzwVnP.qMjy/TR4Q/AfOaz3zYDcQLi0k9GvoUzOPw.eLO2zCaXK'),(241,'$2y$10$hE0ZXNEsh9pdNnGV.QawHeXCNWOy4EnpyqGuV5nbXU1K4SWn1dXFu'),(242,'$2y$10$Z/QdEiV9tfOzGs6ROTCKM.tH2ItK3U1BpEv/a/IIW2LhLLz1G9fg6'),(243,'$2y$10$oTbWLajI.5YS.nubzhT4S.JWgnygHgTlhUlGIt4o6ru6R2AfPWcTK'),(244,'$2y$10$5DpLnqjeOENojAbRgXAcYOWaFMbZqlhM.1s4s5Kx4Cuq4gzbcI5WW'),(245,'$2y$10$pyUx0RD/4BKyE0cSwGAUzesKXT1auIhbi..HaMM/wVXSE6gQoRiL6'),(246,'$2y$10$oUPUknJ4VZtBZUdF1bd44.OCUWnZ1Si85dIOlGbn2A4iBuZnpeHeq'),(247,'$2y$10$H7r0GmsKcQ682zUZEDTptOT7wmZqO1e6soEjmNokM4mcZueFIEPsW'),(248,'$2y$10$KOSmDGkDqUxv96rnLYVtyOXqld14LQEIndrZFImhsgotLhbTd5mz2'),(249,'$2y$10$CPzRLAZNZN0aGfGiEQ1BROCgqThtsMmxEjsr4aqiclIRHbqw3T3BO'),(250,'$2y$10$dhiC8ds7Tp8soEPNRATNcOCrivPrKfw4QHE8oXCxN7P7jTO/0ue3O'),(251,'$2y$10$AJZsLz3ICspZ306NgF8Jne1Dsj08ZN04ZXWGv5pqU0HesJ3DM5VPq');
/*!40000 ALTER TABLE `hashes` ENABLE KEYS */;
UNLOCK TABLES;

--
-- Table structure for table `likes`
--

DROP TABLE IF EXISTS `likes`;
/*!40101 SET @saved_cs_client     = @@character_set_client */;
/*!50503 SET character_set_client = utf8mb4 */;
CREATE TABLE `likes` (
  `id` int NOT NULL AUTO_INCREMENT,
  `userid` int DEFAULT NULL,
  `liked_by` int DEFAULT NULL,
  `disliked_by` int DEFAULT NULL,
  PRIMARY KEY (`id`)
) ENGINE=InnoDB AUTO_INCREMENT=12 DEFAULT CHARSET=utf8mb4 COLLATE=utf8mb4_0900_as_ci;
/*!40101 SET character_set_client = @saved_cs_client */;

--
-- Dumping data for table `likes`
--

LOCK TABLES `likes` WRITE;
/*!40000 ALTER TABLE `likes` DISABLE KEYS */;
/*!40000 ALTER TABLE `likes` ENABLE KEYS */;
UNLOCK TABLES;

--
-- Table structure for table `photos`
--

DROP TABLE IF EXISTS `photos`;
/*!40101 SET @saved_cs_client     = @@character_set_client */;
/*!50503 SET character_set_client = utf8mb4 */;
CREATE TABLE `photos` (
  `filename` varchar(255) CHARACTER SET utf8mb4 COLLATE utf8mb4_0900_as_ci DEFAULT NULL,
  `userid` int DEFAULT NULL,
  `userfilename` varchar(255) COLLATE utf8mb4_0900_as_ci DEFAULT NULL,
  UNIQUE KEY `photos_filename_uindex` (`filename`)
) ENGINE=InnoDB DEFAULT CHARSET=utf8mb4 COLLATE=utf8mb4_0900_as_ci;
/*!40101 SET character_set_client = @saved_cs_client */;

--
-- Dumping data for table `photos`
--

LOCK TABLES `photos` WRITE;
/*!40000 ALTER TABLE `photos` DISABLE KEYS */;
INSERT INTO `photos` VALUES ('ebbd4b78d2d36c72638bba9617efbb75.jpeg',204,'M-AA.jpg'),('e6c4c0d28f1100084f49116de0f497dd.jpeg',205,'M-AB.jpg'),('dfd6d40e89b8a28b8398a81206e39891.jpeg',206,'M-AC.jpg'),('541f5659e13dac932f63b34a291b0056.jpeg',207,'M-AD.jpg'),('ebdb5b4b3bc14b5b9c6199b1c1a800cc.jpeg',208,'M-AE.jpg'),('8708917d6c788fda07792d46785ef0ee.jpeg',209,'M-AF.jpg'),('277f601aa7b926cd9be4c30023edebc8.jpeg',210,'M-AG.jpg'),('7f9f4f87359f7c39efa49bf5e1ba3505.jpeg',211,'M-AH.jpg'),('864cc1d2a8b604cb36f14b741436053e.jpeg',212,'M-AI.jpg'),('8b3a0f4bf088cf01e6d8382ce7d572cd.jpeg',213,'M-AY.jpg'),('36e780eb015c504c30ad7af363b40fa0.jpeg',214,'M-AJ.jpg'),('80061227593bf27714f37b3bf790bce8.jpeg',215,'M-AK.jpg'),('895a12cdb2be4dc6e2558718e49a1037.jpeg',216,'M-AL.jpg'),('1fa5a5d78fbc35314a39b3e4e3e0e96e.jpeg',217,'M-AM.jpg'),('abb0f15e44638d31d29b094bee6177b7.jpeg',218,'M-AN.jpg'),('5d9b1a4f8e085c71ecc3d6736aca608f.jpeg',219,'M-AO.jpg'),('08dda9bc3d789bc393a0db80d647b190.jpeg',220,'M-AP.jpg'),('cd84e267b77fa87248ef6ff713fd031b.jpeg',221,'M-AR.jpg'),('f2ab2d30ee1c5eb6cfd8bdba9463eb3b.jpeg',222,'M-AS.jpg'),('badcb06776b094612c8ef9f33cdbedb9.jpeg',223,'M-AT.jpg'),('81ec5a84c70db4c42d619672674793de.jpeg',224,'M-AU.jpg'),('df59f17921e5f5c9dd154782dca15d86.jpeg',225,'M-AV.jpg'),('56eccfb2af511068be33f7930006f404.jpeg',226,'M-AW.jpg'),('f954d8ffd57e94323101aa2daa3263cf.jpeg',227,'M-AQ.jpg'),('1bc282c8fadb076d4416e2b090ce2a7e.jpeg',228,'F-AA.jpg'),('0de6528674e791295b3c8aec56a98790.jpeg',229,'F-AB.jpg'),('a937032749014601a82ad339e4537970.jpeg',230,'F-AC.jpg'),('ab6454c6d415481aef033b9b529a3fd0.jpeg',231,'F-AD.jpg'),('39e7c8abc9440a093dbbc228de035e70.jpeg',232,'F-AE.jpg'),('37546bc46b1d2b490f3f54fc8f54ed8f.jpeg',233,'F-AF.jpg'),('f0fbea4deb855ac07ab0a0c81422197a.jpeg',234,'F-AG.jpg'),('bd66b28557f659d0e5d3fd5c004602b9.jpeg',235,'F-AH.jpg'),('6dfc61c8473b7c9566d32dfd7cdc8f7c.jpeg',236,'F-AI.jpg'),('c3c874a6589fbcc65da310ac02456bac.jpeg',237,'F-AJ.jpg'),('a2811da3e04617c883aec59b7f9f0d10.jpeg',238,'F-AK.jpg'),('b54cb34fa8e1b130bcd6c83f12cfc5e0.jpeg',239,'F-AL.jpg'),('8c528d60935c62820fcbbf775c318087.jpeg',240,'F-AM.jpg'),('e4cee2e0628be74df0999286b151a2f0.jpeg',241,'F-AN.jpg'),('84f82b6857b1752e36e4d4c29b01686b.jpeg',242,'F-AO.jpg'),('9b965f89fb32431bcfedf78667430a14.jpeg',243,'F-AP.jpg'),('506e723c984ed57b52f36c100746fc91.jpeg',244,'F-AQ.jpg'),('e6653be9e67b436d1942a41cb4068a59.jpeg',245,'F-AR.jpg'),('1a7af975839f22a1a55448cff5e11427.jpeg',246,'F-AS.jpg'),('70b2c4a87267ec75d28cf6bfaf2c8257.jpeg',247,'F-AT.jpg'),('c94397c0b928a6349cf0311ab56e091e.jpeg',248,'F-AU.jpg'),('bbd12a221865964120459af34fbab6f1.jpeg',249,'F-AV.jpg'),('a32e7d22fd97f03b9784a6e8e5a2c0d9.jpeg',250,'F-AW.jpg'),('489842430949b183e714cfdc9e5bc09a.jpeg',251,'F-AY.jpg'),('440674a07969b1247b7d19d124ff07ea.jpeg',204,'M-AA-reversed.jpg'),('df06a7f9ceb14dda9111e4d68fd41c45.jpeg',205,'M-AB-reversed.jpg'),('1ec22f918a5af7f25ef94108a1d15d54.jpeg',206,'M-AC-reversed.jpg'),('3aa0e0fd598bd5dd84ae19a76b56fbad.jpeg',207,'M-AD-reversed.jpg'),('9b43e6a8b72685c3508742f616b2d47e.jpeg',208,'M-AE-reversed.jpg'),('36e6ac80c26a8548c6ad1604992cfed8.jpeg',209,'M-AF-reversed.jpg'),('df4d2997495469c0fb4f5182d4ea374c.jpeg',210,'M-AG-reversed.jpg'),('0c23b5eeb4389183a3fa2083bf3019fe.jpeg',211,'M-AH-reversed.jpg'),('353ab7ba690451dd979960a344297d71.jpeg',212,'M-AI-reversed.jpg'),('9e2d551abab486b0fb08294df3c9548a.jpeg',213,'M-AY-reversed.jpg'),('ee2cda5d0756caac5a61986b272478b9.jpeg',214,'M-AJ-reversed.jpg'),('833ee8a973c1406e71747acf5645fd28.jpeg',215,'M-AK-reversed.jpg'),('790cddb34c7d8f2af3d03c74b36abdea.jpeg',216,'M-AL-reversed.jpg'),('6a23e4c4a26382725b403f97f199965a.jpeg',217,'M-AM-reversed.jpg'),('7f48f24e5bc7d8b3f1309da6682776c3.jpeg',218,'M-AN-reversed.jpg'),('92cf2b29719b994dd3f30bf339c308cc.jpeg',219,'M-AO-reversed.jpg'),('95b4034ee4a26c20d6db67372dc5b30a.jpeg',220,'M-AP-reversed.jpg'),('435d3f19863dee1cad3b9d6eb3e0ac32.jpeg',221,'M-AR-reversed.jpg'),('675896df893205290739b4353a568cb1.jpeg',222,'M-AS-reversed.jpg'),('4d2216b2d0752f5db3f73af88d816f72.jpeg',223,'M-AT-reversed.jpg'),('b2daf446d44aaa549015965c0854d3ab.jpeg',224,'M-AU-reversed.jpg'),('50146a36bedcc44160f0ee45731fd91c.jpeg',225,'M-AV-reversed.jpg'),('3743526cdb7b979a62ceb59d8ca0c7b5.jpeg',226,'M-AW-reversed.jpg'),('2aef9224afaa47f80c1b122bcc9cb923.jpeg',227,'M-AQ-reversed.jpg'),('77d17eff9daca0552d5b418aaf289a25.jpeg',228,'F-AA-reversed.jpg'),('1d937944f7b72ae5ebb47bd61ec52949.jpeg',229,'F-AB-reversed.jpg'),('b1a175433e01b3aecd5b824bfa2eca5c.jpeg',230,'F-AC-reversed.jpg'),('bed2f7bf55f28924ec1559079a7f3a41.jpeg',231,'F-AD-reversed.jpg'),('d8ca5755a40313bfd30eee38649cf9b0.jpeg',232,'F-AE-reversed.jpg'),('a587855f8e21e3536d8cc7b6d497f51b.jpeg',233,'F-AF-reversed.jpg'),('15e5ed7a501bf26f9621d3e4771dcca6.jpeg',234,'F-AG-reversed.jpg'),('3bcbf67373ee62733b059d01269f79fd.jpeg',235,'F-AH-reversed.jpg'),('1d8035e3bcd971230d46ea889a84bfef.jpeg',236,'F-AI-reversed.jpg'),('81b8ecb0adc412e2eca22d4f7465494a.jpeg',237,'F-AJ-reversed.jpg'),('1fea7f32d1a95f36e7982fa0e0db4b7e.jpeg',238,'F-AK-reversed.jpg'),('2e63c059e09b46340700bb58006eb04b.jpeg',239,'F-AL-reversed.jpg'),('bfa5d6153fbcac4e5b0ca90c62502de4.jpeg',240,'F-AM-reversed.jpg'),('71d750c002cfbbfb9d599e3433beec55.jpeg',241,'F-AN-reversed.jpg'),('f824b9b7a39f8eea6a73f5dbceb79008.jpeg',242,'F-AO-reversed.jpg'),('d049f219c798deac8b5220cd2846762a.jpeg',243,'F-AP-reversed.jpg'),('fae7795914869ebd0807b6e41239422a.jpeg',244,'F-AQ-reversed.jpg'),('9be3ec16e3808eb36cf078eacfa451f4.jpeg',245,'F-AR-reversed.jpg'),('ad163852ddeacf5a51320de21240d650.jpeg',246,'F-AS-reversed.jpg'),('3d65cd00fe806d9470885927c0b21105.jpeg',247,'F-AT-reversed.jpg'),('069b21252e63baa9b504492467b4ea57.jpeg',248,'F-AU-reversed.jpg'),('e72a87a23e0d0ac5140a8e988b7029b6.jpeg',249,'F-AV-reversed.jpg'),('ac3e2d9dfa8132311cdde36d481b19e4.jpeg',250,'F-AW-reversed.jpg'),('c5304f9a32961b05978ed8c1f30f5d26.jpeg',251,'F-AY-reversed.jpg');
/*!40000 ALTER TABLE `photos` ENABLE KEYS */;
UNLOCK TABLES;

--
-- Table structure for table `users`
--

DROP TABLE IF EXISTS `users`;
/*!40101 SET @saved_cs_client     = @@character_set_client */;
/*!50503 SET character_set_client = utf8mb4 */;
CREATE TABLE `users` (
  `id` int NOT NULL AUTO_INCREMENT,
  `name` varchar(31) CHARACTER SET utf8mb4 COLLATE utf8mb4_0900_as_ci DEFAULT NULL,
  `gender` varchar(1) CHARACTER SET utf8mb4 COLLATE utf8mb4_0900_as_ci DEFAULT NULL,
  PRIMARY KEY (`id`)
) ENGINE=InnoDB AUTO_INCREMENT=252 DEFAULT CHARSET=utf8mb4 COLLATE=utf8mb4_0900_as_ci;
/*!40101 SET character_set_client = @saved_cs_client */;

--
-- Dumping data for table `users`
--

LOCK TABLES `users` WRITE;
/*!40000 ALTER TABLE `users` DISABLE KEYS */;
INSERT INTO `users` VALUES (204,'Kessie','M'),(205,'Laith','M'),(206,'Boris','M'),(207,'Kibo','M'),(208,'Clarke','M'),(209,'Kaseem','M'),(210,'Caleb','M'),(211,'Caldwell','M'),(212,'John','M'),(213,'Palmer','M'),(214,'Zeus','M'),(215,'Gray','M'),(216,'Grant','M'),(217,'Quyn','M'),(218,'Samuel','M'),(219,'Dante','M'),(220,'Scott','M'),(221,'Vernon','M'),(222,'Alexis','M'),(223,'Cyrus','M'),(224,'Eaton','M'),(225,'Louis','M'),(226,'Leroy','M'),(227,'Norman','M'),(228,'Samantha','F'),(229,'Piper','F'),(230,'Oprah','F'),(231,'Unity','F'),(232,'Sandra','F'),(233,'Ella','F'),(234,'Nerea','F'),(235,'Genevieve','F'),(236,'Xaviera','F'),(237,'Alyssa','F'),(238,'Alana','F'),(239,'Brynn','F'),(240,'Neve','F'),(241,'Phoebe','F'),(242,'Alea','F'),(243,'Myra','F'),(244,'Jasmine','F'),(245,'Jillian','F'),(246,'Idona','F'),(247,'Allegra','F'),(248,'Hayley','F'),(249,'Lani','F'),(250,'Raven','F'),(251,'Jena','F');
/*!40000 ALTER TABLE `users` ENABLE KEYS */;
UNLOCK TABLES;
/*!40103 SET TIME_ZONE=@OLD_TIME_ZONE */;

/*!40101 SET SQL_MODE=@OLD_SQL_MODE */;
/*!40014 SET FOREIGN_KEY_CHECKS=@OLD_FOREIGN_KEY_CHECKS */;
/*!40014 SET UNIQUE_CHECKS=@OLD_UNIQUE_CHECKS */;
/*!40101 SET CHARACTER_SET_CLIENT=@OLD_CHARACTER_SET_CLIENT */;
/*!40101 SET CHARACTER_SET_RESULTS=@OLD_CHARACTER_SET_RESULTS */;
/*!40101 SET COLLATION_CONNECTION=@OLD_COLLATION_CONNECTION */;
/*!40111 SET SQL_NOTES=@OLD_SQL_NOTES */;

-- Dump completed on 2021-04-19 23:23:48
