-- MySQL dump 10.13  Distrib 8.0.23, for Win64 (x86_64)
--
-- Host: 127.0.0.1    Database: dating
-- ------------------------------------------------------
-- Server version	8.0.23

/*!40101 SET @OLD_CHARACTER_SET_CLIENT = @@CHARACTER_SET_CLIENT */;
/*!40101 SET @OLD_CHARACTER_SET_RESULTS = @@CHARACTER_SET_RESULTS */;
/*!40101 SET @OLD_COLLATION_CONNECTION = @@COLLATION_CONNECTION */;
/*!50503 SET NAMES utf8mb4 */;
/*!40103 SET @OLD_TIME_ZONE = @@TIME_ZONE */;
/*!40103 SET TIME_ZONE = '+00:00' */;
/*!40014 SET @OLD_UNIQUE_CHECKS = @@UNIQUE_CHECKS, UNIQUE_CHECKS = 0 */;
/*!40014 SET @OLD_FOREIGN_KEY_CHECKS = @@FOREIGN_KEY_CHECKS, FOREIGN_KEY_CHECKS = 0 */;
/*!40101 SET @OLD_SQL_MODE = @@SQL_MODE, SQL_MODE = 'NO_AUTO_VALUE_ON_ZERO' */;
/*!40111 SET @OLD_SQL_NOTES = @@SQL_NOTES, SQL_NOTES = 0 */;

--
-- Table structure for table `hashes`
--

DROP TABLE IF EXISTS `hashes`;
/*!40101 SET @saved_cs_client = @@character_set_client */;
/*!50503 SET character_set_client = utf8mb4 */;
CREATE TABLE `hashes`
(
    `userid` int                                                           DEFAULT NULL,
    `hash`   varchar(127) CHARACTER SET utf8mb4 COLLATE utf8mb4_0900_as_ci DEFAULT NULL
) ENGINE = InnoDB
  DEFAULT CHARSET = utf8mb4
  COLLATE = utf8mb4_0900_as_ci;
/*!40101 SET character_set_client = @saved_cs_client */;

--
-- Dumping data for table `hashes`
--

LOCK TABLES `hashes` WRITE;
/*!40000 ALTER TABLE `hashes`
    DISABLE KEYS */;
INSERT INTO `hashes`
VALUES (204, '$2y$10$KB1ysenhYMGDdpqgIDXSeOHd6JbpNOBvFkKJ6Qd0dq39YtUqhX9qi'),
       (205, '$2y$10$GgcFeHBexwr9iSr6w5DghOku163QPudbp2NbAHU8D1BK4aYhiQrVe'),
       (206, '$2y$10$dcPA7TsExuq9CYbPZESSpupBv/FLKpf7Rjfk7VbFTul0KYe11cdIa'),
       (207, '$2y$10$ZYQIB0FDFCEVNxbTxgKtruFi6Aw0E6R.BE0F6B.vxp3C2I2oJPu1W'),
       (208, '$2y$10$BavliGDGmxEtMZBTXzgPhuFgCvYHF10UlSpx/uBDBo.YptSN6kRGK'),
       (209, '$2y$10$bRxVhljWxFEKG9zcIdO5mug6lcWdekngDLc5hQN668.IQGRz85mPO'),
       (210, '$2y$10$wwb.GXyrVKVXbvzDm5OhcuVn94EmVlKQVD9KACQXvVynvcU4qdf26'),
       (211, '$2y$10$iPpPFGMjxwMH0b.fDGleGOE5HQHQth19ZC2I63/galB61IFMXMcUq'),
       (212, '$2y$10$hXJBAAmmSmvRoCRYGOzU.eJA7h0DgyEuF4X1X1U1L9KCbix0Sep.K'),
       (213, '$2y$10$ajdpKz2K5P3ZxH5MavAsbO2aMSILw7ZzwYxhq35IYk6IBLaOpjFgS'),
       (214, '$2y$10$5nIk90y1zmXslB29iC8bXORbX9MAWVwqvZaFweXJpyDYQSQZ20h62'),
       (215, '$2y$10$9vKuiaUUp961plSSFALLJO6Mo2lhXoaGpuyR4NSB1n3eQEc82fRZm'),
       (216, '$2y$10$ej9IRUAhjAVxU6yWzmR6tO/pCgjX3PhldybUhj7/ulxPUzCRKuo/W'),
       (217, '$2y$10$Ru2V7k4mF6ZKTV8z0hR/n.mnnWeK3HtMzKCLlDKGlI9q46S37m6hq'),
       (218, '$2y$10$jQbbIGcKfv7rsp8aom2TnudGPEAzKQzR/WgpDdYzty3.9S/sfUyT6'),
       (219, '$2y$10$n92SN82HJyy8B1IbtCFnG.cfLX9z3uggeByE628zAyjmYuOBUGnCS'),
       (220, '$2y$10$rAv0c772Icw0C04gtSREjuf6cYWnNDIL62x40tI0citz8D/RQiFUy'),
       (221, '$2y$10$lbhJrUWH..fFYbBUMkjvQehtEXs/y2il7sD2VNcVN/tgVlkZG9Ysm'),
       (222, '$2y$10$8qwlKfzCP1rUdS0avU.XY.2PGs1Qa3FSUg8zH.wPtl0kCAXTt3nFW'),
       (223, '$2y$10$G75GcBMgi79qo5gvqfYgke.SwDPTc4aRvd/XmpjowW6blkZqKNG6.'),
       (224, '$2y$10$kg3ZxQuFt5n8Rjf/PeLlpePGC.nLZIASHk6yyY6ffUPNv2Ao0ougi'),
       (225, '$2y$10$X5UJlJawavkFQ8HKqoTYdeQwFL5EVqhda8BlIaSeV9/Pp8xuFO6Zu'),
       (226, '$2y$10$IXxMf/wnSlTSkERKVy3JF.hbms6urSShuVASx9le99llSOLsNm482'),
       (227, '$2y$10$ZS7YAwUcBKyw5YQA.bgczOzvLF1euL4JEL4wPGW3oxEs.uJBBCJTq'),
       (228, '$2y$10$ht6B3oJ.g7nyELE51mFxIu4MyIMqWVb.1C5sFfXk4/60kEi/sj85C'),
       (229, '$2y$10$yuK5LKfMqxanc7XP.eyBoeGuk/8B8zu6/gu7vQet2hanYlPZm2BPu'),
       (230, '$2y$10$vUBmROeHiHB2jfNIByDHIeLJ.XHmjYoAyK69/zga37qBWnrcGV4qK'),
       (231, '$2y$10$lGZ22SzMKptd6b2dSHNqWeNbezyErrkwJfuX.RHab0G56dW0QGd0G'),
       (232, '$2y$10$vj9do7Fz5L0HhwIUGLDCEuIlPHlrIXQOwGcVGvWSO.WR4zY7mbug6'),
       (233, '$2y$10$V4JuXVFyE5OG6aO7BhqgFeRZATTcbjqjtBipb5CPVZgaDebkD0YoC'),
       (234, '$2y$10$IXnp1KDx5WuOoq68BNpPTOeRUCVkj5aSyCJxlF8SC.w/MCOaNd2rG'),
       (235, '$2y$10$BCC/VIzUHDAEtaWY7O7XDeyVAHlam/8K0QRy42lkrq1r36XgG4yxq'),
       (236, '$2y$10$QdV5P64xNVQv/Qn/h78OWezkm3WKJT.2kdCNmM3eA9msimDXxVbMa'),
       (237, '$2y$10$UkzMekj1aMEKVwbx.vdrwuVGdVT4Xy9PTZT63C4O7o5hEbA.G7iSi'),
       (238, '$2y$10$B7SkJeDxb.fYgPhiCWXYFeJLJsjgeFDD5JX4BaT.67AkvEAWbwqf6'),
       (239, '$2y$10$vxZR/Z6M76yGfeX3nm7inu2enJXT9844UYfGs4yeY6zvdPmqNkvPq'),
       (240, '$2y$10$qttzwVnP.qMjy/TR4Q/AfOaz3zYDcQLi0k9GvoUzOPw.eLO2zCaXK'),
       (241, '$2y$10$hE0ZXNEsh9pdNnGV.QawHeXCNWOy4EnpyqGuV5nbXU1K4SWn1dXFu'),
       (242, '$2y$10$Z/QdEiV9tfOzGs6ROTCKM.tH2ItK3U1BpEv/a/IIW2LhLLz1G9fg6'),
       (243, '$2y$10$oTbWLajI.5YS.nubzhT4S.JWgnygHgTlhUlGIt4o6ru6R2AfPWcTK'),
       (244, '$2y$10$5DpLnqjeOENojAbRgXAcYOWaFMbZqlhM.1s4s5Kx4Cuq4gzbcI5WW'),
       (245, '$2y$10$pyUx0RD/4BKyE0cSwGAUzesKXT1auIhbi..HaMM/wVXSE6gQoRiL6'),
       (246, '$2y$10$oUPUknJ4VZtBZUdF1bd44.OCUWnZ1Si85dIOlGbn2A4iBuZnpeHeq'),
       (247, '$2y$10$H7r0GmsKcQ682zUZEDTptOT7wmZqO1e6soEjmNokM4mcZueFIEPsW'),
       (248, '$2y$10$KOSmDGkDqUxv96rnLYVtyOXqld14LQEIndrZFImhsgotLhbTd5mz2'),
       (249, '$2y$10$CPzRLAZNZN0aGfGiEQ1BROCgqThtsMmxEjsr4aqiclIRHbqw3T3BO'),
       (250, '$2y$10$dhiC8ds7Tp8soEPNRATNcOCrivPrKfw4QHE8oXCxN7P7jTO/0ue3O'),
       (251, '$2y$10$AJZsLz3ICspZ306NgF8Jne1Dsj08ZN04ZXWGv5pqU0HesJ3DM5VPq');
/*!40000 ALTER TABLE `hashes`
    ENABLE KEYS */;
UNLOCK TABLES;

--
-- Table structure for table `likes`
--

DROP TABLE IF EXISTS `likes`;
/*!40101 SET @saved_cs_client = @@character_set_client */;
/*!50503 SET character_set_client = utf8mb4 */;
CREATE TABLE `likes`
(
    `id`          int NOT NULL AUTO_INCREMENT,
    `userid`      int DEFAULT NULL,
    `liked_by`    int DEFAULT NULL,
    `disliked_by` int DEFAULT NULL,
    PRIMARY KEY (`id`)
) ENGINE = InnoDB
  AUTO_INCREMENT = 756
  DEFAULT CHARSET = utf8mb4
  COLLATE = utf8mb4_0900_as_ci;
/*!40101 SET character_set_client = @saved_cs_client */;

--
-- Dumping data for table `likes`
--

LOCK TABLES `likes` WRITE;
/*!40000 ALTER TABLE `likes`
    DISABLE KEYS */;
INSERT INTO `likes`
VALUES (12, 248, 204, NULL),
       (13, 246, 204, NULL),
       (14, 235, NULL, 204),
       (15, 237, NULL, 204),
       (16, 251, NULL, 204),
       (17, 249, 204, NULL),
       (18, 230, NULL, 204),
       (19, 241, 204, NULL),
       (20, 231, 204, NULL),
       (21, 245, 204, NULL),
       (22, 228, NULL, 204),
       (23, 243, NULL, 204),
       (24, 240, 204, NULL),
       (25, 238, NULL, 204),
       (26, 232, 204, NULL),
       (27, 233, 204, NULL),
       (28, 244, NULL, 204),
       (29, 247, NULL, 204),
       (30, 234, NULL, 204),
       (31, 239, 204, NULL),
       (32, 250, NULL, 204),
       (33, 229, NULL, 204),
       (34, 236, 204, NULL),
       (35, 242, NULL, 204),
       (36, 232, NULL, 205),
       (37, 242, NULL, 205),
       (38, 248, 205, NULL),
       (39, 228, NULL, 205),
       (40, 239, NULL, 205),
       (41, 246, 205, NULL),
       (42, 247, NULL, 205),
       (43, 236, NULL, 205),
       (44, 244, NULL, 205),
       (45, 230, NULL, 205),
       (46, 250, 205, NULL),
       (47, 251, NULL, 205),
       (48, 235, NULL, 205),
       (49, 240, NULL, 205),
       (50, 233, 205, NULL),
       (51, 234, 205, NULL),
       (52, 243, NULL, 205),
       (53, 237, NULL, 205),
       (54, 249, 205, NULL),
       (55, 231, NULL, 205),
       (56, 238, 205, NULL),
       (57, 245, NULL, 205),
       (58, 241, 205, NULL),
       (59, 229, NULL, 205),
       (60, 250, NULL, 206),
       (61, 233, NULL, 206),
       (62, 248, 206, NULL),
       (63, 238, 206, NULL),
       (64, 231, NULL, 206),
       (65, 239, NULL, 206),
       (66, 241, 206, NULL),
       (67, 228, NULL, 206),
       (68, 235, NULL, 206),
       (69, 246, 206, NULL),
       (70, 240, NULL, 206),
       (71, 229, NULL, 206),
       (72, 230, 206, NULL),
       (73, 236, NULL, 206),
       (74, 243, 206, NULL),
       (75, 244, NULL, 206),
       (76, 245, NULL, 206),
       (77, 237, NULL, 206),
       (78, 232, NULL, 206),
       (79, 247, 206, NULL),
       (80, 242, 206, NULL),
       (81, 249, 206, NULL),
       (82, 234, NULL, 206),
       (83, 251, NULL, 206),
       (84, 235, NULL, 207),
       (85, 250, NULL, 207),
       (86, 251, 207, NULL),
       (87, 245, 207, NULL),
       (88, 234, NULL, 207),
       (89, 233, NULL, 207),
       (90, 246, 207, NULL),
       (91, 249, 207, NULL),
       (92, 239, NULL, 207),
       (93, 248, NULL, 207),
       (94, 247, 207, NULL),
       (95, 242, 207, NULL),
       (96, 240, NULL, 207),
       (97, 244, NULL, 207),
       (98, 230, NULL, 207),
       (99, 232, NULL, 207),
       (100, 228, 207, NULL),
       (101, 229, NULL, 207),
       (102, 231, NULL, 207),
       (103, 238, NULL, 207),
       (104, 237, 207, NULL),
       (105, 236, NULL, 207),
       (106, 241, NULL, 207),
       (107, 243, NULL, 207),
       (108, 244, NULL, 208),
       (109, 249, NULL, 208),
       (110, 230, NULL, 208),
       (111, 229, NULL, 208),
       (112, 251, NULL, 208),
       (113, 246, NULL, 208),
       (114, 234, NULL, 208),
       (115, 239, NULL, 208),
       (116, 240, NULL, 208),
       (117, 241, NULL, 208),
       (118, 237, NULL, 208),
       (119, 242, NULL, 208),
       (120, 245, NULL, 208),
       (121, 236, NULL, 208),
       (122, 238, NULL, 208),
       (123, 232, 208, NULL),
       (124, 243, NULL, 208),
       (125, 233, NULL, 208),
       (126, 248, NULL, 208),
       (127, 250, NULL, 208),
       (128, 231, 208, NULL),
       (129, 235, NULL, 208),
       (130, 247, NULL, 208),
       (131, 228, NULL, 208),
       (132, 241, NULL, 209),
       (133, 228, NULL, 209),
       (134, 239, NULL, 209),
       (135, 232, 209, NULL),
       (136, 240, 209, NULL),
       (137, 245, 209, NULL),
       (138, 244, NULL, 209),
       (139, 251, NULL, 209),
       (140, 234, NULL, 209),
       (141, 233, 209, NULL),
       (142, 238, 209, NULL),
       (143, 242, NULL, 209),
       (144, 236, NULL, 209),
       (145, 230, NULL, 209),
       (146, 248, NULL, 209),
       (147, 231, 209, NULL),
       (148, 250, NULL, 209),
       (149, 235, NULL, 209),
       (150, 237, NULL, 209),
       (151, 249, NULL, 209),
       (152, 246, 209, NULL),
       (153, 243, NULL, 209),
       (154, 247, 209, NULL),
       (155, 229, 209, NULL),
       (156, 244, NULL, 210),
       (157, 248, NULL, 210),
       (158, 251, NULL, 210),
       (159, 234, 210, NULL),
       (160, 240, 210, NULL),
       (161, 242, 210, NULL),
       (162, 230, NULL, 210),
       (163, 243, NULL, 210),
       (164, 236, NULL, 210),
       (165, 233, 210, NULL),
       (166, 229, 210, NULL),
       (167, 247, NULL, 210),
       (168, 249, NULL, 210),
       (169, 241, 210, NULL),
       (170, 239, 210, NULL),
       (171, 238, NULL, 210),
       (172, 232, NULL, 210),
       (173, 231, 210, NULL),
       (174, 246, NULL, 210),
       (175, 235, 210, NULL),
       (176, 228, 210, NULL),
       (177, 245, NULL, 210),
       (178, 237, 210, NULL),
       (179, 250, 210, NULL),
       (180, 230, NULL, 211),
       (181, 233, 211, NULL),
       (182, 237, 211, NULL),
       (183, 242, NULL, 211),
       (184, 249, NULL, 211),
       (185, 245, 211, NULL),
       (186, 235, 211, NULL),
       (187, 241, NULL, 211),
       (188, 240, NULL, 211),
       (189, 228, NULL, 211),
       (190, 246, NULL, 211),
       (191, 244, 211, NULL),
       (192, 238, 211, NULL),
       (193, 239, NULL, 211),
       (194, 236, NULL, 211),
       (195, 243, 211, NULL),
       (196, 248, 211, NULL),
       (197, 250, NULL, 211),
       (198, 247, NULL, 211),
       (199, 234, NULL, 211),
       (200, 231, 211, NULL),
       (201, 251, 211, NULL),
       (202, 232, NULL, 211),
       (203, 229, 211, NULL),
       (204, 231, 212, NULL),
       (205, 238, 212, NULL),
       (206, 245, NULL, 212),
       (207, 251, NULL, 212),
       (208, 236, 212, NULL),
       (209, 248, 212, NULL),
       (210, 229, NULL, 212),
       (211, 241, NULL, 212),
       (212, 228, 212, NULL),
       (213, 242, 212, NULL),
       (214, 246, NULL, 212),
       (215, 239, NULL, 212),
       (216, 234, NULL, 212),
       (217, 233, 212, NULL),
       (218, 244, 212, NULL),
       (219, 247, NULL, 212),
       (220, 243, NULL, 212),
       (221, 249, NULL, 212),
       (222, 237, NULL, 212),
       (223, 235, 212, NULL),
       (224, 240, 212, NULL),
       (225, 232, NULL, 212),
       (226, 250, NULL, 212),
       (227, 230, NULL, 212),
       (228, 246, NULL, 213),
       (229, 247, NULL, 213),
       (230, 243, NULL, 213),
       (231, 236, NULL, 213),
       (232, 228, NULL, 213),
       (233, 251, NULL, 213),
       (234, 240, NULL, 213),
       (235, 248, NULL, 213),
       (236, 232, NULL, 213),
       (237, 231, NULL, 213),
       (238, 238, NULL, 213),
       (239, 234, NULL, 213),
       (240, 249, NULL, 213),
       (241, 239, NULL, 213),
       (242, 242, NULL, 213),
       (243, 241, NULL, 213),
       (244, 233, NULL, 213),
       (245, 230, NULL, 213),
       (246, 244, NULL, 213),
       (247, 237, 213, NULL),
       (248, 250, NULL, 213),
       (249, 229, NULL, 213),
       (250, 235, NULL, 213),
       (251, 245, NULL, 213),
       (252, 249, 214, NULL),
       (253, 246, 214, NULL),
       (254, 231, NULL, 214),
       (255, 230, NULL, 214),
       (256, 245, 214, NULL),
       (257, 247, 214, NULL),
       (258, 239, NULL, 214),
       (259, 251, 214, NULL),
       (260, 236, 214, NULL),
       (261, 234, 214, NULL),
       (262, 240, NULL, 214),
       (263, 250, NULL, 214),
       (264, 243, 214, NULL),
       (265, 232, NULL, 214),
       (266, 237, NULL, 214),
       (267, 238, 214, NULL),
       (268, 242, NULL, 214),
       (269, 229, 214, NULL),
       (270, 248, 214, NULL),
       (271, 241, NULL, 214),
       (272, 233, NULL, 214),
       (273, 244, NULL, 214),
       (274, 228, NULL, 214),
       (275, 235, 214, NULL),
       (276, 238, NULL, 215),
       (277, 243, NULL, 215),
       (278, 240, 215, NULL),
       (279, 234, 215, NULL),
       (280, 228, NULL, 215),
       (281, 244, NULL, 215),
       (282, 230, NULL, 215),
       (283, 239, 215, NULL),
       (284, 246, 215, NULL),
       (285, 232, 215, NULL),
       (286, 233, NULL, 215),
       (287, 231, NULL, 215),
       (288, 236, 215, NULL),
       (289, 235, 215, NULL),
       (290, 248, NULL, 215),
       (291, 229, NULL, 215),
       (292, 250, NULL, 215),
       (293, 237, 215, NULL),
       (294, 242, NULL, 215),
       (295, 247, 215, NULL),
       (296, 245, NULL, 215),
       (297, 249, 215, NULL),
       (298, 241, NULL, 215),
       (299, 251, 215, NULL),
       (300, 238, NULL, 216),
       (301, 240, 216, NULL),
       (302, 242, 216, NULL),
       (303, 245, 216, NULL),
       (304, 241, NULL, 216),
       (305, 243, NULL, 216),
       (306, 235, 216, NULL),
       (307, 251, 216, NULL),
       (308, 234, NULL, 216),
       (309, 248, NULL, 216),
       (310, 249, 216, NULL),
       (311, 228, 216, NULL),
       (312, 232, NULL, 216),
       (313, 230, 216, NULL),
       (314, 233, NULL, 216),
       (315, 237, NULL, 216),
       (316, 250, 216, NULL),
       (317, 246, 216, NULL),
       (318, 247, NULL, 216),
       (319, 236, 216, NULL),
       (320, 244, NULL, 216),
       (321, 239, NULL, 216),
       (322, 229, 216, NULL),
       (323, 231, NULL, 216),
       (324, 236, NULL, 217),
       (325, 240, NULL, 217),
       (326, 229, NULL, 217),
       (327, 245, NULL, 217),
       (328, 250, NULL, 217),
       (329, 249, 217, NULL),
       (330, 231, NULL, 217),
       (331, 243, NULL, 217),
       (332, 234, NULL, 217),
       (333, 242, 217, NULL),
       (334, 228, 217, NULL),
       (335, 235, 217, NULL),
       (336, 244, NULL, 217),
       (337, 239, 217, NULL),
       (338, 238, 217, NULL),
       (339, 237, NULL, 217),
       (340, 230, NULL, 217),
       (341, 241, NULL, 217),
       (342, 232, 217, NULL),
       (343, 247, 217, NULL),
       (344, 246, NULL, 217),
       (345, 233, NULL, 217),
       (346, 251, NULL, 217),
       (347, 248, 217, NULL),
       (348, 228, 218, NULL),
       (349, 238, 218, NULL),
       (350, 232, 218, NULL),
       (351, 247, NULL, 218),
       (352, 230, NULL, 218),
       (353, 246, 218, NULL),
       (354, 239, 218, NULL),
       (355, 231, NULL, 218),
       (356, 233, NULL, 218),
       (357, 248, 218, NULL),
       (358, 240, 218, NULL),
       (359, 229, NULL, 218),
       (360, 236, NULL, 218),
       (361, 245, 218, NULL),
       (362, 234, 218, NULL),
       (363, 251, NULL, 218),
       (364, 249, NULL, 218),
       (365, 243, NULL, 218),
       (366, 250, NULL, 218),
       (367, 242, 218, NULL),
       (368, 235, 218, NULL),
       (369, 244, NULL, 218),
       (370, 237, NULL, 218),
       (371, 241, 218, NULL),
       (372, 205, NULL, 228),
       (373, 221, NULL, 228),
       (374, 217, NULL, 228),
       (375, 222, NULL, 228),
       (376, 204, 228, NULL),
       (377, 206, 228, NULL),
       (378, 227, NULL, 228),
       (379, 224, NULL, 228),
       (380, 207, 228, NULL),
       (381, 211, 228, NULL),
       (382, 208, NULL, 228),
       (383, 225, NULL, 228),
       (384, 216, 228, NULL),
       (385, 209, 228, NULL),
       (386, 215, NULL, 228),
       (387, 223, NULL, 228),
       (388, 226, 228, NULL),
       (389, 214, NULL, 228),
       (390, 218, NULL, 228),
       (391, 212, NULL, 228),
       (392, 219, 228, NULL),
       (393, 213, NULL, 228),
       (394, 220, NULL, 228),
       (395, 210, 228, NULL),
       (396, 218, NULL, 229),
       (397, 221, NULL, 229),
       (398, 215, NULL, 229),
       (399, 224, NULL, 229),
       (400, 225, NULL, 229),
       (401, 214, NULL, 229),
       (402, 206, 229, NULL),
       (403, 213, NULL, 229),
       (404, 207, NULL, 229),
       (405, 211, 229, NULL),
       (406, 216, 229, NULL),
       (407, 212, NULL, 229),
       (408, 226, NULL, 229),
       (409, 222, NULL, 229),
       (410, 209, 229, NULL),
       (411, 210, NULL, 229),
       (412, 227, NULL, 229),
       (413, 208, 229, NULL),
       (414, 204, NULL, 229),
       (415, 219, NULL, 229),
       (416, 220, NULL, 229),
       (417, 205, NULL, 229),
       (418, 223, NULL, 229),
       (419, 217, NULL, 229),
       (420, 214, 230, NULL),
       (421, 218, NULL, 230),
       (422, 226, NULL, 230),
       (423, 225, NULL, 230),
       (424, 227, NULL, 230),
       (425, 206, NULL, 230),
       (426, 216, 230, NULL),
       (427, 209, 230, NULL),
       (428, 210, NULL, 230),
       (429, 208, NULL, 230),
       (430, 223, 230, NULL),
       (431, 211, 230, NULL),
       (432, 221, NULL, 230),
       (433, 219, NULL, 230),
       (434, 205, NULL, 230),
       (435, 215, NULL, 230),
       (436, 224, 230, NULL),
       (437, 220, NULL, 230),
       (438, 222, NULL, 230),
       (439, 212, NULL, 230),
       (440, 213, 230, NULL),
       (441, 207, 230, NULL),
       (442, 204, NULL, 230),
       (443, 217, NULL, 230),
       (444, 224, NULL, 231),
       (445, 222, NULL, 231),
       (446, 208, 231, NULL),
       (447, 214, 231, NULL),
       (448, 210, NULL, 231),
       (449, 217, NULL, 231),
       (450, 226, NULL, 231),
       (451, 221, NULL, 231),
       (452, 209, 231, NULL),
       (453, 206, NULL, 231),
       (454, 225, NULL, 231),
       (455, 211, NULL, 231),
       (456, 218, NULL, 231),
       (457, 213, 231, NULL),
       (458, 223, NULL, 231),
       (459, 215, NULL, 231),
       (460, 205, NULL, 231),
       (461, 220, 231, NULL),
       (462, 216, NULL, 231),
       (463, 204, 231, NULL),
       (464, 207, NULL, 231),
       (465, 227, NULL, 231),
       (466, 219, NULL, 231),
       (467, 212, NULL, 231),
       (468, 212, NULL, 232),
       (469, 217, NULL, 232),
       (470, 213, NULL, 232),
       (471, 218, NULL, 232),
       (472, 223, NULL, 232),
       (473, 205, NULL, 232),
       (474, 206, NULL, 232),
       (475, 220, NULL, 232),
       (476, 225, 232, NULL),
       (477, 209, NULL, 232),
       (478, 204, NULL, 232),
       (479, 210, NULL, 232),
       (480, 227, NULL, 232),
       (481, 214, 232, NULL),
       (482, 208, NULL, 232),
       (483, 215, NULL, 232),
       (484, 207, NULL, 232),
       (485, 226, NULL, 232),
       (486, 222, 232, NULL),
       (487, 224, NULL, 232),
       (488, 216, NULL, 232),
       (489, 219, NULL, 232),
       (490, 221, 232, NULL),
       (491, 211, NULL, 232),
       (492, 216, NULL, 233),
       (493, 225, NULL, 233),
       (494, 220, NULL, 233),
       (495, 214, 233, NULL),
       (496, 212, 233, NULL),
       (497, 227, 233, NULL),
       (498, 210, NULL, 233),
       (499, 211, NULL, 233),
       (500, 222, 233, NULL),
       (501, 209, 233, NULL),
       (502, 204, 233, NULL),
       (503, 219, NULL, 233),
       (504, 215, NULL, 233),
       (505, 213, 233, NULL),
       (506, 226, 233, NULL),
       (507, 205, NULL, 233),
       (508, 207, NULL, 233),
       (509, 224, NULL, 233),
       (510, 223, 233, NULL),
       (511, 217, 233, NULL),
       (512, 206, NULL, 233),
       (513, 218, NULL, 233),
       (514, 208, 233, NULL),
       (515, 221, 233, NULL),
       (516, 207, NULL, 234),
       (517, 226, NULL, 234),
       (518, 216, NULL, 234),
       (519, 209, 234, NULL),
       (520, 211, 234, NULL),
       (521, 205, NULL, 234),
       (522, 218, NULL, 234),
       (523, 222, 234, NULL),
       (524, 208, NULL, 234),
       (525, 206, NULL, 234),
       (526, 221, NULL, 234),
       (527, 204, NULL, 234),
       (528, 224, NULL, 234),
       (529, 212, 234, NULL),
       (530, 214, NULL, 234),
       (531, 227, 234, NULL),
       (532, 223, NULL, 234),
       (533, 220, NULL, 234),
       (534, 215, 234, NULL),
       (535, 219, 234, NULL),
       (536, 213, NULL, 234),
       (537, 210, NULL, 234),
       (538, 217, 234, NULL),
       (539, 225, NULL, 234),
       (540, 204, NULL, 235),
       (541, 210, NULL, 235),
       (542, 209, 235, NULL),
       (543, 218, NULL, 235),
       (544, 227, NULL, 235),
       (545, 221, NULL, 235),
       (546, 225, NULL, 235),
       (547, 216, NULL, 235),
       (548, 205, NULL, 235),
       (549, 217, 235, NULL),
       (550, 219, 235, NULL),
       (551, 206, NULL, 235),
       (552, 222, NULL, 235),
       (553, 207, 235, NULL),
       (554, 215, 235, NULL),
       (555, 208, NULL, 235),
       (556, 214, NULL, 235),
       (557, 212, 235, NULL),
       (558, 211, NULL, 235),
       (559, 213, NULL, 235),
       (560, 220, 235, NULL),
       (561, 224, 235, NULL),
       (562, 223, NULL, 235),
       (563, 226, NULL, 235),
       (564, 209, NULL, 236),
       (565, 210, NULL, 236),
       (566, 217, NULL, 236),
       (567, 205, NULL, 236),
       (568, 216, NULL, 236),
       (569, 212, NULL, 236),
       (570, 221, 236, NULL),
       (571, 222, NULL, 236),
       (572, 226, NULL, 236),
       (573, 207, NULL, 236),
       (574, 220, NULL, 236),
       (575, 227, NULL, 236),
       (576, 224, NULL, 236),
       (577, 206, NULL, 236),
       (578, 214, NULL, 236),
       (579, 213, NULL, 236),
       (580, 223, NULL, 236),
       (581, 215, NULL, 236),
       (582, 225, NULL, 236),
       (583, 204, NULL, 236),
       (584, 218, NULL, 236),
       (585, 211, NULL, 236),
       (586, 219, NULL, 236),
       (587, 208, NULL, 236),
       (588, 224, NULL, 237),
       (589, 212, NULL, 237),
       (590, 206, 237, NULL),
       (591, 215, 237, NULL),
       (592, 217, NULL, 237),
       (593, 221, NULL, 237),
       (594, 205, NULL, 237),
       (595, 218, 237, NULL),
       (596, 226, NULL, 237),
       (597, 225, NULL, 237),
       (598, 213, NULL, 237),
       (599, 220, NULL, 237),
       (600, 214, NULL, 237),
       (601, 211, NULL, 237),
       (602, 222, 237, NULL),
       (603, 216, NULL, 237),
       (604, 209, NULL, 237),
       (605, 223, NULL, 237),
       (606, 204, NULL, 237),
       (607, 208, NULL, 237),
       (608, 219, NULL, 237),
       (609, 207, NULL, 237),
       (610, 210, NULL, 237),
       (611, 227, NULL, 237),
       (612, 213, 238, NULL),
       (613, 210, NULL, 238),
       (614, 207, NULL, 238),
       (615, 214, NULL, 238),
       (616, 218, NULL, 238),
       (617, 205, NULL, 238),
       (618, 206, NULL, 238),
       (619, 209, NULL, 238),
       (620, 222, NULL, 238),
       (621, 225, NULL, 238),
       (622, 224, NULL, 238),
       (623, 226, NULL, 238),
       (624, 208, NULL, 238),
       (625, 204, NULL, 238),
       (626, 216, NULL, 238),
       (627, 223, NULL, 238),
       (628, 211, NULL, 238),
       (629, 215, NULL, 238),
       (630, 227, NULL, 238),
       (631, 219, NULL, 238),
       (632, 217, NULL, 238),
       (633, 220, NULL, 238),
       (634, 212, NULL, 238),
       (635, 221, 238, NULL),
       (636, 217, 239, NULL),
       (637, 213, NULL, 239),
       (638, 210, 239, NULL),
       (639, 223, NULL, 239),
       (640, 204, NULL, 239),
       (641, 216, 239, NULL),
       (642, 225, 239, NULL),
       (643, 226, NULL, 239),
       (644, 207, NULL, 239),
       (645, 219, NULL, 239),
       (646, 221, 239, NULL),
       (647, 208, 239, NULL),
       (648, 205, NULL, 239),
       (649, 224, NULL, 239),
       (650, 212, NULL, 239),
       (651, 220, 239, NULL),
       (652, 215, 239, NULL),
       (653, 218, NULL, 239),
       (654, 222, NULL, 239),
       (655, 214, 239, NULL),
       (656, 209, 239, NULL),
       (657, 211, NULL, 239),
       (658, 227, NULL, 239),
       (659, 206, NULL, 239),
       (660, 217, NULL, 240),
       (661, 219, 240, NULL),
       (662, 216, 240, NULL),
       (663, 204, NULL, 240),
       (664, 220, NULL, 240),
       (665, 225, 240, NULL),
       (666, 208, 240, NULL),
       (667, 215, NULL, 240),
       (668, 211, NULL, 240),
       (669, 223, 240, NULL),
       (670, 214, 240, NULL),
       (671, 210, NULL, 240),
       (672, 218, NULL, 240),
       (673, 205, 240, NULL),
       (674, 212, 240, NULL),
       (675, 224, NULL, 240),
       (676, 209, NULL, 240),
       (677, 213, 240, NULL),
       (678, 222, 240, NULL),
       (679, 206, NULL, 240),
       (680, 207, NULL, 240),
       (681, 221, 240, NULL),
       (682, 226, 240, NULL),
       (683, 227, NULL, 240),
       (684, 212, 241, NULL),
       (685, 223, NULL, 241),
       (686, 211, NULL, 241),
       (687, 216, NULL, 241),
       (688, 204, 241, NULL),
       (689, 217, NULL, 241),
       (690, 207, NULL, 241),
       (691, 206, NULL, 241),
       (692, 215, NULL, 241),
       (693, 220, 241, NULL),
       (694, 205, NULL, 241),
       (695, 208, 241, NULL),
       (696, 214, NULL, 241),
       (697, 218, NULL, 241),
       (698, 210, 241, NULL),
       (699, 224, 241, NULL),
       (700, 219, NULL, 241),
       (701, 213, NULL, 241),
       (702, 227, 241, NULL),
       (703, 209, NULL, 241),
       (704, 226, NULL, 241),
       (705, 225, 241, NULL),
       (706, 221, NULL, 241),
       (707, 222, NULL, 241),
       (732, 217, NULL, 242),
       (733, 204, NULL, 242),
       (734, 205, NULL, 242),
       (735, 223, NULL, 242),
       (736, 207, 242, NULL),
       (737, 206, NULL, 242),
       (738, 213, NULL, 242),
       (739, 226, NULL, 242),
       (740, 208, NULL, 242),
       (741, 216, NULL, 242),
       (742, 214, NULL, 242),
       (743, 209, NULL, 242),
       (744, 210, NULL, 242),
       (745, 221, NULL, 242),
       (746, 212, NULL, 242),
       (747, 220, NULL, 242),
       (748, 224, NULL, 242),
       (749, 215, NULL, 242),
       (750, 211, 242, NULL),
       (751, 225, NULL, 242),
       (752, 218, 242, NULL),
       (753, 222, NULL, 242),
       (754, 227, NULL, 242),
       (755, 219, NULL, 242);
/*!40000 ALTER TABLE `likes`
    ENABLE KEYS */;
UNLOCK TABLES;

--
-- Table structure for table `photos`
--

DROP TABLE IF EXISTS `photos`;
/*!40101 SET @saved_cs_client = @@character_set_client */;
/*!50503 SET character_set_client = utf8mb4 */;
CREATE TABLE `photos`
(
    `filename`     varchar(255) CHARACTER SET utf8mb4 COLLATE utf8mb4_0900_as_ci DEFAULT NULL,
    `userid`       int                                                           DEFAULT NULL,
    `userfilename` varchar(255) CHARACTER SET utf8mb4 COLLATE utf8mb4_0900_as_ci DEFAULT NULL,
    UNIQUE KEY `photos_filename_uindex` (`filename`)
) ENGINE = InnoDB
  DEFAULT CHARSET = utf8mb4
  COLLATE = utf8mb4_0900_as_ci;
/*!40101 SET character_set_client = @saved_cs_client */;

--
-- Dumping data for table `photos`
--

LOCK TABLES `photos` WRITE;
/*!40000 ALTER TABLE `photos`
    DISABLE KEYS */;
INSERT INTO `photos`
VALUES ('ebbd4b78d2d36c72638bba9617efbb75.jpeg', 204, 'M-AA.jpg'),
       ('e6c4c0d28f1100084f49116de0f497dd.jpeg', 205, 'M-AB.jpg'),
       ('dfd6d40e89b8a28b8398a81206e39891.jpeg', 206, 'M-AC.jpg'),
       ('541f5659e13dac932f63b34a291b0056.jpeg', 207, 'M-AD.jpg'),
       ('ebdb5b4b3bc14b5b9c6199b1c1a800cc.jpeg', 208, 'M-AE.jpg'),
       ('8708917d6c788fda07792d46785ef0ee.jpeg', 209, 'M-AF.jpg'),
       ('277f601aa7b926cd9be4c30023edebc8.jpeg', 210, 'M-AG.jpg'),
       ('7f9f4f87359f7c39efa49bf5e1ba3505.jpeg', 211, 'M-AH.jpg'),
       ('864cc1d2a8b604cb36f14b741436053e.jpeg', 212, 'M-AI.jpg'),
       ('8b3a0f4bf088cf01e6d8382ce7d572cd.jpeg', 213, 'M-AY.jpg'),
       ('36e780eb015c504c30ad7af363b40fa0.jpeg', 214, 'M-AJ.jpg'),
       ('80061227593bf27714f37b3bf790bce8.jpeg', 215, 'M-AK.jpg'),
       ('895a12cdb2be4dc6e2558718e49a1037.jpeg', 216, 'M-AL.jpg'),
       ('1fa5a5d78fbc35314a39b3e4e3e0e96e.jpeg', 217, 'M-AM.jpg'),
       ('abb0f15e44638d31d29b094bee6177b7.jpeg', 218, 'M-AN.jpg'),
       ('5d9b1a4f8e085c71ecc3d6736aca608f.jpeg', 219, 'M-AO.jpg'),
       ('08dda9bc3d789bc393a0db80d647b190.jpeg', 220, 'M-AP.jpg'),
       ('cd84e267b77fa87248ef6ff713fd031b.jpeg', 221, 'M-AR.jpg'),
       ('f2ab2d30ee1c5eb6cfd8bdba9463eb3b.jpeg', 222, 'M-AS.jpg'),
       ('badcb06776b094612c8ef9f33cdbedb9.jpeg', 223, 'M-AT.jpg'),
       ('81ec5a84c70db4c42d619672674793de.jpeg', 224, 'M-AU.jpg'),
       ('df59f17921e5f5c9dd154782dca15d86.jpeg', 225, 'M-AV.jpg'),
       ('56eccfb2af511068be33f7930006f404.jpeg', 226, 'M-AW.jpg'),
       ('f954d8ffd57e94323101aa2daa3263cf.jpeg', 227, 'M-AQ.jpg'),
       ('1bc282c8fadb076d4416e2b090ce2a7e.jpeg', 228, 'F-AA.jpg'),
       ('0de6528674e791295b3c8aec56a98790.jpeg', 229, 'F-AB.jpg'),
       ('a937032749014601a82ad339e4537970.jpeg', 230, 'F-AC.jpg'),
       ('ab6454c6d415481aef033b9b529a3fd0.jpeg', 231, 'F-AD.jpg'),
       ('39e7c8abc9440a093dbbc228de035e70.jpeg', 232, 'F-AE.jpg'),
       ('37546bc46b1d2b490f3f54fc8f54ed8f.jpeg', 233, 'F-AF.jpg'),
       ('f0fbea4deb855ac07ab0a0c81422197a.jpeg', 234, 'F-AG.jpg'),
       ('bd66b28557f659d0e5d3fd5c004602b9.jpeg', 235, 'F-AH.jpg'),
       ('6dfc61c8473b7c9566d32dfd7cdc8f7c.jpeg', 236, 'F-AI.jpg'),
       ('c3c874a6589fbcc65da310ac02456bac.jpeg', 237, 'F-AJ.jpg'),
       ('a2811da3e04617c883aec59b7f9f0d10.jpeg', 238, 'F-AK.jpg'),
       ('b54cb34fa8e1b130bcd6c83f12cfc5e0.jpeg', 239, 'F-AL.jpg'),
       ('8c528d60935c62820fcbbf775c318087.jpeg', 240, 'F-AM.jpg'),
       ('e4cee2e0628be74df0999286b151a2f0.jpeg', 241, 'F-AN.jpg'),
       ('84f82b6857b1752e36e4d4c29b01686b.jpeg', 242, 'F-AO.jpg'),
       ('9b965f89fb32431bcfedf78667430a14.jpeg', 243, 'F-AP.jpg'),
       ('506e723c984ed57b52f36c100746fc91.jpeg', 244, 'F-AQ.jpg'),
       ('e6653be9e67b436d1942a41cb4068a59.jpeg', 245, 'F-AR.jpg'),
       ('1a7af975839f22a1a55448cff5e11427.jpeg', 246, 'F-AS.jpg'),
       ('70b2c4a87267ec75d28cf6bfaf2c8257.jpeg', 247, 'F-AT.jpg'),
       ('c94397c0b928a6349cf0311ab56e091e.jpeg', 248, 'F-AU.jpg'),
       ('bbd12a221865964120459af34fbab6f1.jpeg', 249, 'F-AV.jpg'),
       ('a32e7d22fd97f03b9784a6e8e5a2c0d9.jpeg', 250, 'F-AW.jpg'),
       ('489842430949b183e714cfdc9e5bc09a.jpeg', 251, 'F-AY.jpg'),
       ('440674a07969b1247b7d19d124ff07ea.jpeg', 204, 'M-AA-reversed.jpg'),
       ('df06a7f9ceb14dda9111e4d68fd41c45.jpeg', 205, 'M-AB-reversed.jpg'),
       ('1ec22f918a5af7f25ef94108a1d15d54.jpeg', 206, 'M-AC-reversed.jpg'),
       ('3aa0e0fd598bd5dd84ae19a76b56fbad.jpeg', 207, 'M-AD-reversed.jpg'),
       ('9b43e6a8b72685c3508742f616b2d47e.jpeg', 208, 'M-AE-reversed.jpg'),
       ('36e6ac80c26a8548c6ad1604992cfed8.jpeg', 209, 'M-AF-reversed.jpg'),
       ('df4d2997495469c0fb4f5182d4ea374c.jpeg', 210, 'M-AG-reversed.jpg'),
       ('0c23b5eeb4389183a3fa2083bf3019fe.jpeg', 211, 'M-AH-reversed.jpg'),
       ('353ab7ba690451dd979960a344297d71.jpeg', 212, 'M-AI-reversed.jpg'),
       ('9e2d551abab486b0fb08294df3c9548a.jpeg', 213, 'M-AY-reversed.jpg'),
       ('ee2cda5d0756caac5a61986b272478b9.jpeg', 214, 'M-AJ-reversed.jpg'),
       ('833ee8a973c1406e71747acf5645fd28.jpeg', 215, 'M-AK-reversed.jpg'),
       ('790cddb34c7d8f2af3d03c74b36abdea.jpeg', 216, 'M-AL-reversed.jpg'),
       ('6a23e4c4a26382725b403f97f199965a.jpeg', 217, 'M-AM-reversed.jpg'),
       ('7f48f24e5bc7d8b3f1309da6682776c3.jpeg', 218, 'M-AN-reversed.jpg'),
       ('92cf2b29719b994dd3f30bf339c308cc.jpeg', 219, 'M-AO-reversed.jpg'),
       ('95b4034ee4a26c20d6db67372dc5b30a.jpeg', 220, 'M-AP-reversed.jpg'),
       ('435d3f19863dee1cad3b9d6eb3e0ac32.jpeg', 221, 'M-AR-reversed.jpg'),
       ('675896df893205290739b4353a568cb1.jpeg', 222, 'M-AS-reversed.jpg'),
       ('4d2216b2d0752f5db3f73af88d816f72.jpeg', 223, 'M-AT-reversed.jpg'),
       ('b2daf446d44aaa549015965c0854d3ab.jpeg', 224, 'M-AU-reversed.jpg'),
       ('50146a36bedcc44160f0ee45731fd91c.jpeg', 225, 'M-AV-reversed.jpg'),
       ('3743526cdb7b979a62ceb59d8ca0c7b5.jpeg', 226, 'M-AW-reversed.jpg'),
       ('2aef9224afaa47f80c1b122bcc9cb923.jpeg', 227, 'M-AQ-reversed.jpg'),
       ('77d17eff9daca0552d5b418aaf289a25.jpeg', 228, 'F-AA-reversed.jpg'),
       ('1d937944f7b72ae5ebb47bd61ec52949.jpeg', 229, 'F-AB-reversed.jpg'),
       ('b1a175433e01b3aecd5b824bfa2eca5c.jpeg', 230, 'F-AC-reversed.jpg'),
       ('bed2f7bf55f28924ec1559079a7f3a41.jpeg', 231, 'F-AD-reversed.jpg'),
       ('d8ca5755a40313bfd30eee38649cf9b0.jpeg', 232, 'F-AE-reversed.jpg'),
       ('a587855f8e21e3536d8cc7b6d497f51b.jpeg', 233, 'F-AF-reversed.jpg'),
       ('15e5ed7a501bf26f9621d3e4771dcca6.jpeg', 234, 'F-AG-reversed.jpg'),
       ('3bcbf67373ee62733b059d01269f79fd.jpeg', 235, 'F-AH-reversed.jpg'),
       ('1d8035e3bcd971230d46ea889a84bfef.jpeg', 236, 'F-AI-reversed.jpg'),
       ('81b8ecb0adc412e2eca22d4f7465494a.jpeg', 237, 'F-AJ-reversed.jpg'),
       ('1fea7f32d1a95f36e7982fa0e0db4b7e.jpeg', 238, 'F-AK-reversed.jpg'),
       ('2e63c059e09b46340700bb58006eb04b.jpeg', 239, 'F-AL-reversed.jpg'),
       ('bfa5d6153fbcac4e5b0ca90c62502de4.jpeg', 240, 'F-AM-reversed.jpg'),
       ('71d750c002cfbbfb9d599e3433beec55.jpeg', 241, 'F-AN-reversed.jpg'),
       ('f824b9b7a39f8eea6a73f5dbceb79008.jpeg', 242, 'F-AO-reversed.jpg'),
       ('d049f219c798deac8b5220cd2846762a.jpeg', 243, 'F-AP-reversed.jpg'),
       ('fae7795914869ebd0807b6e41239422a.jpeg', 244, 'F-AQ-reversed.jpg'),
       ('9be3ec16e3808eb36cf078eacfa451f4.jpeg', 245, 'F-AR-reversed.jpg'),
       ('ad163852ddeacf5a51320de21240d650.jpeg', 246, 'F-AS-reversed.jpg'),
       ('3d65cd00fe806d9470885927c0b21105.jpeg', 247, 'F-AT-reversed.jpg'),
       ('069b21252e63baa9b504492467b4ea57.jpeg', 248, 'F-AU-reversed.jpg'),
       ('e72a87a23e0d0ac5140a8e988b7029b6.jpeg', 249, 'F-AV-reversed.jpg'),
       ('ac3e2d9dfa8132311cdde36d481b19e4.jpeg', 250, 'F-AW-reversed.jpg'),
       ('c5304f9a32961b05978ed8c1f30f5d26.jpeg', 251, 'F-AY-reversed.jpg');
/*!40000 ALTER TABLE `photos`
    ENABLE KEYS */;
UNLOCK TABLES;

--
-- Table structure for table `users`
--

DROP TABLE IF EXISTS `users`;
/*!40101 SET @saved_cs_client = @@character_set_client */;
/*!50503 SET character_set_client = utf8mb4 */;
CREATE TABLE `users`
(
    `id`     int NOT NULL AUTO_INCREMENT,
    `name`   varchar(31) CHARACTER SET utf8mb4 COLLATE utf8mb4_0900_as_ci DEFAULT NULL,
    `gender` varchar(1) CHARACTER SET utf8mb4 COLLATE utf8mb4_0900_as_ci  DEFAULT NULL,
    PRIMARY KEY (`id`)
) ENGINE = InnoDB
  AUTO_INCREMENT = 256
  DEFAULT CHARSET = utf8mb4
  COLLATE = utf8mb4_0900_as_ci;
/*!40101 SET character_set_client = @saved_cs_client */;

--
-- Dumping data for table `users`
--

LOCK TABLES `users` WRITE;
/*!40000 ALTER TABLE `users`
    DISABLE KEYS */;
INSERT INTO `users`
VALUES (204, 'Kessie', 'M'),
       (205, 'Laith', 'M'),
       (206, 'Boris', 'M'),
       (207, 'Kibo', 'M'),
       (208, 'Clarke', 'M'),
       (209, 'Kaseem', 'M'),
       (210, 'Caleb', 'M'),
       (211, 'Caldwell', 'M'),
       (212, 'John', 'M'),
       (213, 'Palmer', 'M'),
       (214, 'Zeus', 'M'),
       (215, 'Gray', 'M'),
       (216, 'Grant', 'M'),
       (217, 'Quyn', 'M'),
       (218, 'Samuel', 'M'),
       (219, 'Dante', 'M'),
       (220, 'Scott', 'M'),
       (221, 'Vernon', 'M'),
       (222, 'Alexis', 'M'),
       (223, 'Cyrus', 'M'),
       (224, 'Eaton', 'M'),
       (225, 'Louis', 'M'),
       (226, 'Leroy', 'M'),
       (227, 'Norman', 'M'),
       (228, 'Samantha', 'F'),
       (229, 'Piper', 'F'),
       (230, 'Oprah', 'F'),
       (231, 'Unity', 'F'),
       (232, 'Sandra', 'F'),
       (233, 'Ella', 'F'),
       (234, 'Nerea', 'F'),
       (235, 'Genevieve', 'F'),
       (236, 'Xaviera', 'F'),
       (237, 'Alyssa', 'F'),
       (238, 'Alana', 'F'),
       (239, 'Brynn', 'F'),
       (240, 'Neve', 'F'),
       (241, 'Phoebe', 'F'),
       (242, 'Alea', 'F'),
       (243, 'Myra', 'F'),
       (244, 'Jasmine', 'F'),
       (245, 'Jillian', 'F'),
       (246, 'Idona', 'F'),
       (247, 'Allegra', 'F'),
       (248, 'Hayley', 'F'),
       (249, 'Lani', 'F'),
       (250, 'Raven', 'F'),
       (251, 'Jena', 'F');
/*!40000 ALTER TABLE `users`
    ENABLE KEYS */;
UNLOCK TABLES;
/*!40103 SET TIME_ZONE = @OLD_TIME_ZONE */;

/*!40101 SET SQL_MODE = @OLD_SQL_MODE */;
/*!40014 SET FOREIGN_KEY_CHECKS = @OLD_FOREIGN_KEY_CHECKS */;
/*!40014 SET UNIQUE_CHECKS = @OLD_UNIQUE_CHECKS */;
/*!40101 SET CHARACTER_SET_CLIENT = @OLD_CHARACTER_SET_CLIENT */;
/*!40101 SET CHARACTER_SET_RESULTS = @OLD_CHARACTER_SET_RESULTS */;
/*!40101 SET COLLATION_CONNECTION = @OLD_COLLATION_CONNECTION */;
/*!40111 SET SQL_NOTES = @OLD_SQL_NOTES */;

-- Dump completed on 2021-04-22 16:32:49
